trial,testing,parameters,initial_deadline,final_deadline,net_reward,actions,success
1,False,"{'a': 0.5, 'e': 1.0}",20,0,-100.36759509200763,"{0: 10, 1: 4, 2: 5, 3: 0, 4: 1}",0
2,False,"{'a': 0.5, 'e': 0.99}",35,25,-37.827427737003745,"{0: 8, 1: 0, 2: 1, 3: 0, 4: 1}",1
3,False,"{'a': 0.5, 'e': 0.9801}",25,0,-13.251993823987727,"{0: 20, 1: 3, 2: 2, 3: 0, 4: 0}",0
4,False,"{'a': 0.5, 'e': 0.970299}",25,0,-357.9677484014362,"{0: 9, 1: 0, 2: 9, 3: 0, 4: 7}",0
5,False,"{'a': 0.5, 'e': 0.96059601}",25,0,-93.97156231775351,"{0: 19, 1: 1, 2: 3, 3: 0, 4: 2}",0
6,False,"{'a': 0.5, 'e': 0.9509900498999999}",35,0,-212.89070096400062,"{0: 17, 1: 8, 2: 7, 3: 0, 4: 3}",0
7,False,"{'a': 0.5, 'e': 0.941480149401}",20,0,-48.05539883365855,"{0: 13, 1: 1, 2: 6, 3: 0, 4: 0}",0
8,False,"{'a': 0.5, 'e': 0.9320653479069899}",20,0,-67.77789103990439,"{0: 15, 1: 0, 2: 4, 3: 0, 4: 1}",0
9,False,"{'a': 0.5, 'e': 0.9227446944279201}",30,0,-130.72766030807676,"{0: 18, 1: 3, 2: 7, 3: 1, 4: 1}",0
10,False,"{'a': 0.5, 'e': 0.9135172474836408}",30,8,-90.68362922012093,"{0: 16, 1: 2, 2: 2, 3: 0, 4: 2}",1
11,False,"{'a': 0.5, 'e': 0.9043820750088044}",20,0,-130.05392567667317,"{0: 8, 1: 1, 2: 10, 3: 0, 4: 1}",0
12,False,"{'a': 0.5, 'e': 0.8953382542587164}",20,0,-129.64661514254288,"{0: 11, 1: 2, 2: 5, 3: 0, 4: 2}",0
13,False,"{'a': 0.5, 'e': 0.8863848717161292}",25,0,-144.0673341751089,"{0: 16, 1: 3, 2: 3, 3: 0, 4: 3}",0
14,False,"{'a': 0.5, 'e': 0.8775210229989678}",25,0,-63.50443739783225,"{0: 16, 1: 4, 2: 4, 3: 1, 4: 0}",0
15,False,"{'a': 0.5, 'e': 0.8687458127689782}",25,0,-92.98033359473642,"{0: 15, 1: 4, 2: 5, 3: 0, 4: 1}",0
16,False,"{'a': 0.5, 'e': 0.8600583546412884}",20,0,-164.1468808224272,"{0: 11, 1: 0, 2: 6, 3: 0, 4: 3}",0
17,False,"{'a': 0.5, 'e': 0.8514577710948755}",20,0,-2.9777052652782534,"{0: 17, 1: 1, 2: 2, 3: 0, 4: 0}",0
18,False,"{'a': 0.5, 'e': 0.8429431933839268}",25,0,-67.84892029730935,"{0: 19, 1: 1, 2: 4, 3: 0, 4: 1}",0
19,False,"{'a': 0.5, 'e': 0.8345137614500875}",20,2,-3.6463022230349864,"{0: 14, 1: 4, 2: 0, 3: 0, 4: 0}",1
20,False,"{'a': 0.5, 'e': 0.8261686238355866}",30,19,-9.169092717552303,"{0: 8, 1: 2, 2: 1, 3: 0, 4: 0}",1
21,False,"{'a': 0.5, 'e': 0.8179069375972308}",25,4,-166.7253476891283,"{0: 11, 1: 2, 2: 5, 3: 0, 4: 3}",1
22,False,"{'a': 0.5, 'e': 0.8097278682212584}",25,0,-107.96126908758144,"{0: 15, 1: 3, 2: 5, 3: 1, 4: 1}",0
23,False,"{'a': 0.5, 'e': 0.8016305895390459}",25,0,-77.34806451930223,"{0: 16, 1: 1, 2: 7, 3: 1, 4: 0}",0
24,False,"{'a': 0.5, 'e': 0.7936142836436554}",25,0,-43.562984548216626,"{0: 21, 1: 1, 2: 2, 3: 0, 4: 1}",1
25,False,"{'a': 0.5, 'e': 0.7856781408072188}",25,0,-16.819459431562354,"{0: 19, 1: 3, 2: 3, 3: 0, 4: 0}",0
26,False,"{'a': 0.5, 'e': 0.7778213593991467}",25,0,-160.40678597509327,"{0: 13, 1: 3, 2: 6, 3: 1, 4: 2}",0
27,False,"{'a': 0.5, 'e': 0.7700431458051551}",20,9,-42.24875015028198,"{0: 8, 1: 1, 2: 1, 3: 0, 4: 1}",1
28,False,"{'a': 0.5, 'e': 0.7623427143471035}",20,0,-11.105426743850522,"{0: 16, 1: 1, 2: 3, 3: 0, 4: 0}",0
29,False,"{'a': 0.5, 'e': 0.7547192872036325}",20,0,-54.92025248743882,"{0: 15, 1: 1, 2: 3, 3: 0, 4: 1}",0
30,False,"{'a': 0.5, 'e': 0.7471720943315961}",20,7,-2.718100343787929,"{0: 11, 1: 1, 2: 1, 3: 0, 4: 0}",1
31,False,"{'a': 0.5, 'e': 0.7397003733882802}",20,0,-39.79153614081714,"{0: 15, 1: 0, 2: 4, 3: 1, 4: 0}",0
32,False,"{'a': 0.5, 'e': 0.7323033696543975}",20,7,10.317780872968589,"{0: 12, 1: 1, 2: 0, 3: 0, 4: 0}",1
33,False,"{'a': 0.5, 'e': 0.7249803359578535}",20,0,-87.15630404070082,"{0: 11, 1: 5, 2: 2, 3: 1, 4: 1}",0
34,False,"{'a': 0.5, 'e': 0.7177305325982749}",20,3,-6.956223097753303,"{0: 14, 1: 1, 2: 2, 3: 0, 4: 0}",1
35,False,"{'a': 0.5, 'e': 0.7105532272722921}",20,0,-80.42993499788633,"{0: 10, 1: 4, 2: 5, 3: 1, 4: 0}",0
36,False,"{'a': 0.5, 'e': 0.7034476949995692}",25,0,-127.20561519670112,"{0: 19, 1: 0, 2: 3, 3: 0, 4: 3}",0
37,False,"{'a': 0.5, 'e': 0.6964132180495735}",30,0,-191.18805797394072,"{0: 19, 1: 2, 2: 5, 3: 0, 4: 4}",0
38,False,"{'a': 0.5, 'e': 0.6894490858690778}",20,0,-48.844680869134024,"{0: 14, 1: 4, 2: 1, 3: 0, 4: 1}",0
39,False,"{'a': 0.5, 'e': 0.682554595010387}",30,0,-106.47388813616791,"{0: 19, 1: 4, 2: 5, 3: 1, 4: 1}",0
40,False,"{'a': 0.5, 'e': 0.6757290490602831}",25,0,-102.49336915523756,"{0: 14, 1: 3, 2: 7, 3: 0, 4: 1}",0
41,False,"{'a': 0.5, 'e': 0.6689717585696803}",25,3,-32.40125114695676,"{0: 20, 1: 0, 2: 0, 3: 1, 4: 1}",1
42,False,"{'a': 0.5, 'e': 0.6622820409839835}",20,0,-29.14138557703888,"{0: 16, 1: 0, 2: 4, 3: 0, 4: 0}",0
43,False,"{'a': 0.5, 'e': 0.6556592205741436}",20,0,-62.2648283961793,"{0: 13, 1: 4, 2: 2, 3: 0, 4: 1}",0
44,False,"{'a': 0.5, 'e': 0.6491026283684022}",20,6,-54.380952411750066,"{0: 9, 1: 3, 2: 1, 3: 0, 4: 1}",1
45,False,"{'a': 0.5, 'e': 0.6426116020847181}",30,19,5.244213323798018,"{0: 10, 1: 0, 2: 1, 3: 0, 4: 0}",1
46,False,"{'a': 0.5, 'e': 0.6361854860638709}",25,0,-110.00869007568664,"{0: 16, 1: 4, 2: 3, 3: 0, 4: 2}",0
47,False,"{'a': 0.5, 'e': 0.6298236312032323}",20,0,-18.923607056454156,"{0: 15, 1: 3, 2: 2, 3: 0, 4: 0}",0
48,False,"{'a': 0.5, 'e': 0.6235253948912}",25,0,-36.30560549807991,"{0: 18, 1: 2, 2: 5, 3: 0, 4: 0}",0
49,False,"{'a': 0.5, 'e': 0.617290140942288}",30,0,-60.964013639020884,"{0: 22, 1: 1, 2: 6, 3: 1, 4: 0}",1
50,False,"{'a': 0.5, 'e': 0.611117239532865}",20,9,-3.381941809787687,"{0: 9, 1: 0, 2: 2, 3: 0, 4: 0}",1
51,False,"{'a': 0.5, 'e': 0.6050060671375364}",25,0,-45.480396538590625,"{0: 20, 1: 1, 2: 3, 3: 0, 4: 1}",0
52,False,"{'a': 0.5, 'e': 0.598956006466161}",30,13,-14.23108316504553,"{0: 13, 1: 1, 2: 3, 3: 0, 4: 0}",1
53,False,"{'a': 0.5, 'e': 0.5929664464014994}",20,0,-99.47781280487959,"{0: 14, 1: 1, 2: 3, 3: 0, 4: 2}",0
54,False,"{'a': 0.5, 'e': 0.5870367819374844}",30,0,-90.43302073363232,"{0: 23, 1: 2, 2: 3, 3: 0, 4: 2}",0
55,False,"{'a': 0.5, 'e': 0.5811664141181095}",25,5,-28.869834028585874,"{0: 17, 1: 1, 2: 1, 3: 0, 4: 1}",1
56,False,"{'a': 0.5, 'e': 0.5753547499769285}",30,0,-112.86989490804262,"{0: 22, 1: 1, 2: 4, 3: 1, 4: 2}",0
57,False,"{'a': 0.5, 'e': 0.5696012024771592}",25,0,-84.72615523707908,"{0: 17, 1: 1, 2: 6, 3: 0, 4: 1}",0
58,False,"{'a': 0.5, 'e': 0.5639051904523875}",20,0,-8.699774500548394,"{0: 17, 1: 1, 2: 2, 3: 0, 4: 0}",0
59,False,"{'a': 0.5, 'e': 0.5582661385478637}",20,0,-28.46304473323183,"{0: 16, 1: 0, 2: 3, 3: 1, 4: 0}",0
60,False,"{'a': 0.5, 'e': 0.5526834771623851}",20,0,-95.11218243889431,"{0: 12, 1: 2, 2: 4, 3: 1, 4: 1}",0
61,False,"{'a': 0.5, 'e': 0.5471566423907612}",25,3,-31.11955255592044,"{0: 18, 1: 2, 2: 1, 3: 0, 4: 1}",1
62,False,"{'a': 0.5, 'e': 0.5416850759668536}",25,6,-68.29666661594686,"{0: 13, 1: 1, 2: 4, 3: 0, 4: 1}",1
63,False,"{'a': 0.5, 'e': 0.536268225207185}",35,23,24.986242363377983,"{0: 12, 1: 0, 2: 0, 3: 0, 4: 0}",1
64,False,"{'a': 0.5, 'e': 0.5309055429551132}",25,0,-74.21728457130139,"{0: 18, 1: 3, 2: 2, 3: 1, 4: 1}",0
65,False,"{'a': 0.5, 'e': 0.525596487525562}",20,0,-21.24162711044883,"{0: 16, 1: 0, 2: 4, 3: 0, 4: 0}",0
66,False,"{'a': 0.5, 'e': 0.5203405226503064}",20,0,-39.05773191683669,"{0: 16, 1: 1, 2: 2, 3: 0, 4: 1}",0
67,False,"{'a': 0.5, 'e': 0.5151371174238033}",20,1,-6.626391493070008,"{0: 15, 1: 2, 2: 2, 3: 0, 4: 0}",1
68,False,"{'a': 0.5, 'e': 0.5099857462495653}",25,0,-20.522286319702445,"{0: 23, 1: 1, 2: 0, 3: 0, 4: 1}",0
69,False,"{'a': 0.5, 'e': 0.5048858887870696}",30,0,-84.42011292525699,"{0: 22, 1: 1, 2: 5, 3: 1, 4: 1}",0
70,False,"{'a': 0.5, 'e': 0.4998370298991989}",20,3,-90.80656681072539,"{0: 12, 1: 1, 2: 2, 3: 0, 4: 2}",1
71,False,"{'a': 0.5, 'e': 0.49483865960020695}",20,12,13.988129035474142,"{0: 8, 1: 0, 2: 0, 3: 0, 4: 0}",1
72,False,"{'a': 0.5, 'e': 0.4898902730042049}",30,0,-73.1703989692225,"{0: 23, 1: 1, 2: 5, 3: 0, 4: 1}",0
73,False,"{'a': 0.5, 'e': 0.48499137027416284}",30,19,9.546451238672368,"{0: 10, 1: 1, 2: 0, 3: 0, 4: 0}",1
74,False,"{'a': 0.5, 'e': 0.4801414565714212}",20,0,9.16084506833184,"{0: 18, 1: 1, 2: 1, 3: 0, 4: 0}",0
75,False,"{'a': 0.5, 'e': 0.47534004200570695}",20,0,-33.330901897622056,"{0: 17, 1: 1, 2: 1, 3: 0, 4: 1}",0
76,False,"{'a': 0.5, 'e': 0.4705866415856499}",30,7,-42.79352101867142,"{0: 18, 1: 2, 2: 2, 3: 0, 4: 1}",1
77,False,"{'a': 0.5, 'e': 0.46588077516979337}",25,0,-70.88054539332681,"{0: 18, 1: 3, 2: 2, 3: 1, 4: 1}",0
78,False,"{'a': 0.5, 'e': 0.46122196741809546}",20,5,-42.10964815772443,"{0: 12, 1: 0, 2: 2, 3: 0, 4: 1}",1
79,False,"{'a': 0.5, 'e': 0.4566097477439145}",35,15,-3.60364453390758,"{0: 17, 1: 1, 2: 2, 3: 0, 4: 0}",1
80,False,"{'a': 0.5, 'e': 0.45204365026647536}",20,3,-22.891478363565483,"{0: 12, 1: 1, 2: 4, 3: 0, 4: 0}",1
81,False,"{'a': 0.5, 'e': 0.4475232137638106}",20,3,-6.121112069186146,"{0: 14, 1: 0, 2: 3, 3: 0, 4: 0}",1
82,False,"{'a': 0.5, 'e': 0.4430479816261725}",20,14,-1.0641861590380903,"{0: 5, 1: 0, 2: 1, 3: 0, 4: 0}",1
83,False,"{'a': 0.5, 'e': 0.43861750180991077}",20,10,-9.37303666756709,"{0: 8, 1: 0, 2: 2, 3: 0, 4: 0}",1
84,False,"{'a': 0.5, 'e': 0.43423132679181164}",35,0,-94.37426888645112,"{0: 26, 1: 3, 2: 4, 3: 0, 4: 2}",0
85,False,"{'a': 0.5, 'e': 0.4298890135238935}",35,25,10.855019044466683,"{0: 10, 1: 0, 2: 0, 3: 0, 4: 0}",1
86,False,"{'a': 0.5, 'e': 0.4255901233886546}",20,0,4.469965588948396,"{0: 18, 1: 1, 2: 1, 3: 0, 4: 0}",0
87,False,"{'a': 0.5, 'e': 0.421334222154768}",20,0,-45.23477148447082,"{0: 14, 1: 1, 2: 4, 3: 1, 4: 0}",0
88,False,"{'a': 0.5, 'e': 0.41712087993322033}",20,11,-46.12851249395118,"{0: 6, 1: 1, 2: 1, 3: 0, 4: 1}",1
89,False,"{'a': 0.5, 'e': 0.41294967113388814}",20,0,-38.32778784609112,"{0: 17, 1: 0, 2: 2, 3: 0, 4: 1}",0
90,False,"{'a': 0.5, 'e': 0.40882017442254925}",25,0,14.412082072005433,"{0: 23, 1: 0, 2: 2, 3: 0, 4: 0}",0
91,False,"{'a': 0.5, 'e': 0.4047319726783238}",25,0,5.133614270690796,"{0: 22, 1: 1, 2: 2, 3: 0, 4: 0}",0
92,False,"{'a': 0.5, 'e': 0.40068465295154054}",30,0,-56.9408125029622,"{0: 26, 1: 0, 2: 2, 3: 0, 4: 2}",0
93,False,"{'a': 0.5, 'e': 0.3966778064220251}",30,0,-25.772178937427586,"{0: 24, 1: 2, 2: 3, 3: 1, 4: 0}",0
94,False,"{'a': 0.5, 'e': 0.39271102835780486}",25,10,31.031066904374672,"{0: 15, 1: 0, 2: 0, 3: 0, 4: 0}",1
95,False,"{'a': 0.5, 'e': 0.3887839180742268}",20,0,-37.014085342395326,"{0: 17, 1: 0, 2: 2, 3: 0, 4: 1}",0
96,False,"{'a': 0.5, 'e': 0.38489607889348454}",20,0,-26.829607922609892,"{0: 17, 1: 2, 2: 0, 3: 0, 4: 1}",0
97,False,"{'a': 0.5, 'e': 0.38104711810454966}",20,14,3.994448549716296,"{0: 5, 1: 1, 2: 0, 3: 0, 4: 0}",1
98,False,"{'a': 0.5, 'e': 0.37723664692350417}",25,0,-13.178657536333406,"{0: 20, 1: 2, 2: 3, 3: 0, 4: 0}",0
99,False,"{'a': 0.5, 'e': 0.37346428045426916}",30,0,-47.235850529801404,"{0: 24, 1: 1, 2: 4, 3: 0, 4: 1}",0
100,False,"{'a': 0.5, 'e': 0.36972963764972644}",20,4,-26.932522623888357,"{0: 11, 1: 2, 2: 2, 3: 1, 4: 0}",1
101,False,"{'a': 0.5, 'e': 0.3660323412732292}",20,4,4.27430922044396,"{0: 14, 1: 0, 2: 2, 3: 0, 4: 0}",1
102,False,"{'a': 0.5, 'e': 0.3623720178604969}",25,0,-61.5406163979869,"{0: 17, 1: 1, 2: 6, 3: 1, 4: 0}",0
103,False,"{'a': 0.5, 'e': 0.3587482976818919}",25,11,-61.94971725806546,"{0: 11, 1: 1, 2: 0, 3: 0, 4: 2}",1
104,False,"{'a': 0.5, 'e': 0.355160814705073}",25,0,12.555352897405013,"{0: 23, 1: 0, 2: 2, 3: 0, 4: 0}",0
105,False,"{'a': 0.5, 'e': 0.35160920655802225}",20,7,-6.5129651198854415,"{0: 9, 1: 3, 2: 1, 3: 0, 4: 0}",1
106,False,"{'a': 0.5, 'e': 0.348093114492442}",30,13,4.193093901267471,"{0: 15, 1: 0, 2: 2, 3: 0, 4: 0}",1
107,False,"{'a': 0.5, 'e': 0.3446121833475176}",35,12,-14.95053470551002,"{0: 21, 1: 0, 2: 1, 3: 0, 4: 1}",1
108,False,"{'a': 0.5, 'e': 0.34116606151404244}",20,14,12.943308627179754,"{0: 6, 1: 0, 2: 0, 3: 0, 4: 0}",1
109,False,"{'a': 0.5, 'e': 0.337754400898902}",20,12,-0.0662656898484193,"{0: 7, 1: 0, 2: 1, 3: 0, 4: 0}",1
110,False,"{'a': 0.5, 'e': 0.334376856889913}",25,0,-96.6044392451378,"{0: 19, 1: 0, 2: 4, 3: 0, 4: 2}",0
111,False,"{'a': 0.5, 'e': 0.33103308832101386}",20,0,15.308318145280692,"{0: 19, 1: 0, 2: 1, 3: 0, 4: 0}",0
112,False,"{'a': 0.5, 'e': 0.3277227574378037}",20,4,-2.19651682931337,"{0: 14, 1: 0, 2: 2, 3: 0, 4: 0}",1
113,False,"{'a': 0.5, 'e': 0.3244455298634257}",25,4,-22.52669043232284,"{0: 16, 1: 0, 2: 5, 3: 0, 4: 0}",1
114,False,"{'a': 0.5, 'e': 0.3212010745647914}",20,9,-55.29169644868761,"{0: 8, 1: 0, 2: 1, 3: 1, 4: 1}",1
115,False,"{'a': 0.5, 'e': 0.3179890638191435}",25,6,-11.047454356626993,"{0: 18, 1: 0, 2: 0, 3: 0, 4: 1}",1
116,False,"{'a': 0.5, 'e': 0.31480917318095203}",25,6,-34.41310185397641,"{0: 16, 1: 1, 2: 1, 3: 0, 4: 1}",1
117,False,"{'a': 0.5, 'e': 0.3116610814491425}",35,9,-15.028424373849642,"{0: 24, 1: 0, 2: 1, 3: 0, 4: 1}",1
118,False,"{'a': 0.5, 'e': 0.30854447063465107}",25,4,21.6459252953228,"{0: 20, 1: 0, 2: 1, 3: 0, 4: 0}",1
119,False,"{'a': 0.5, 'e': 0.3054590259283046}",25,0,-21.04338057615173,"{0: 22, 1: 1, 2: 1, 3: 0, 4: 1}",0
120,False,"{'a': 0.5, 'e': 0.30240443566902153}",25,11,25.37522439129467,"{0: 14, 1: 0, 2: 0, 3: 0, 4: 0}",1
121,False,"{'a': 0.5, 'e': 0.2993803913123313}",25,0,28.41187273651011,"{0: 24, 1: 0, 2: 1, 3: 0, 4: 0}",0
122,False,"{'a': 0.5, 'e': 0.296386587399208}",25,0,25.753103845010934,"{0: 24, 1: 1, 2: 0, 3: 0, 4: 0}",0
123,False,"{'a': 0.5, 'e': 0.2934227215252159}",25,0,-63.04918564623448,"{0: 19, 1: 2, 2: 2, 3: 1, 4: 1}",1
124,False,"{'a': 0.5, 'e': 0.29048849430996376}",25,13,-1.6307937865903863,"{0: 10, 1: 0, 2: 2, 3: 0, 4: 0}",1
125,False,"{'a': 0.5, 'e': 0.2875836093668641}",20,3,-20.001829449966348,"{0: 15, 1: 1, 2: 0, 3: 0, 4: 1}",1
126,False,"{'a': 0.5, 'e': 0.28470777327319546}",30,0,22.116721544976084,"{0: 28, 1: 1, 2: 1, 3: 0, 4: 0}",0
127,False,"{'a': 0.5, 'e': 0.2818606955404635}",20,0,10.468918141633187,"{0: 18, 1: 1, 2: 1, 3: 0, 4: 0}",0
128,False,"{'a': 0.5, 'e': 0.27904208858505886}",20,11,4.5338569600287775,"{0: 8, 1: 0, 2: 1, 3: 0, 4: 0}",1
129,False,"{'a': 0.5, 'e': 0.2762516676992083}",20,2,-104.57374129125955,"{0: 13, 1: 0, 2: 2, 3: 1, 4: 2}",1
130,False,"{'a': 0.5, 'e': 0.2734891510222162}",25,0,24.158522154830678,"{0: 24, 1: 0, 2: 1, 3: 0, 4: 0}",0
131,False,"{'a': 0.5, 'e': 0.27075425951199406}",25,2,19.549472433093957,"{0: 20, 1: 3, 2: 0, 3: 0, 4: 0}",1
132,False,"{'a': 0.5, 'e': 0.2680467169168741}",20,8,14.915229684449638,"{0: 11, 1: 1, 2: 0, 3: 0, 4: 0}",1
133,False,"{'a': 0.5, 'e': 0.26536624974770534}",20,3,15.462927429947149,"{0: 16, 1: 0, 2: 1, 3: 0, 4: 0}",1
134,False,"{'a': 0.5, 'e': 0.2627125872502283}",20,6,12.578346733696057,"{0: 13, 1: 1, 2: 0, 3: 0, 4: 0}",1
135,False,"{'a': 0.5, 'e': 0.26008546137772603}",30,0,-95.8389204871456,"{0: 26, 1: 0, 2: 1, 3: 0, 4: 3}",1
136,False,"{'a': 0.5, 'e': 0.25748460676394874}",25,6,14.79789573393967,"{0: 17, 1: 1, 2: 1, 3: 0, 4: 0}",1
137,False,"{'a': 0.5, 'e': 0.2549097606963093}",25,0,20.62686285912385,"{0: 23, 1: 1, 2: 1, 3: 0, 4: 0}",0
138,False,"{'a': 0.5, 'e': 0.2523606630893462}",25,0,28.365859719955687,"{0: 23, 1: 2, 2: 0, 3: 0, 4: 0}",0
139,False,"{'a': 0.5, 'e': 0.2498370564584527}",20,12,10.837554640087689,"{0: 8, 1: 0, 2: 0, 3: 0, 4: 0}",1
140,False,"{'a': 0.5, 'e': 0.24733868589386818}",20,8,3.4720450604993793,"{0: 11, 1: 0, 2: 1, 3: 0, 4: 0}",1
141,False,"{'a': 0.5, 'e': 0.24486529903492948}",30,15,-69.85975570036467,"{0: 12, 1: 0, 2: 1, 3: 0, 4: 2}",1
142,False,"{'a': 0.5, 'e': 0.2424166460445802}",20,3,-17.402917488911044,"{0: 16, 1: 0, 2: 0, 3: 0, 4: 1}",1
143,False,"{'a': 0.5, 'e': 0.2399924795841344}",20,2,20.747519877037888,"{0: 17, 1: 1, 2: 0, 3: 0, 4: 0}",1
144,False,"{'a': 0.5, 'e': 0.23759255478829303}",25,10,-14.535255442013312,"{0: 14, 1: 0, 2: 0, 3: 0, 4: 1}",1
145,False,"{'a': 0.5, 'e': 0.23521662924041012}",25,9,25.571674740483125,"{0: 16, 1: 0, 2: 0, 3: 0, 4: 0}",1
146,False,"{'a': 0.5, 'e': 0.232864462948006}",30,8,-63.000735197561816,"{0: 18, 1: 1, 2: 1, 3: 0, 4: 2}",1
147,False,"{'a': 0.5, 'e': 0.23053581831852593}",30,13,9.53144007931855,"{0: 15, 1: 1, 2: 1, 3: 0, 4: 0}",1
148,False,"{'a': 0.5, 'e': 0.22823046013534068}",20,1,27.84251928418501,"{0: 19, 1: 0, 2: 0, 3: 0, 4: 0}",1
149,False,"{'a': 0.5, 'e': 0.22594815553398728}",20,7,8.996146307477044,"{0: 11, 1: 2, 2: 0, 3: 0, 4: 0}",1
150,False,"{'a': 0.5, 'e': 0.2236886739786474}",25,15,22.016465851849272,"{0: 10, 1: 0, 2: 0, 3: 0, 4: 0}",1
151,False,"{'a': 0.5, 'e': 0.22145178723886091}",20,10,8.89319395479455,"{0: 9, 1: 0, 2: 1, 3: 0, 4: 0}",1
152,False,"{'a': 0.5, 'e': 0.2192372693664723}",20,3,-35.579275558512165,"{0: 14, 1: 0, 2: 2, 3: 0, 4: 1}",1
153,False,"{'a': 0.5, 'e': 0.21704489667280757}",20,0,-21.763636550007565,"{0: 18, 1: 0, 2: 1, 3: 0, 4: 1}",0
154,False,"{'a': 0.5, 'e': 0.2148744477060795}",25,17,1.2998592714182122,"{0: 7, 1: 0, 2: 1, 3: 0, 4: 0}",1
155,False,"{'a': 0.5, 'e': 0.2127257032290187}",25,3,-8.978809271155317,"{0: 21, 1: 0, 2: 0, 3: 0, 4: 1}",1
156,False,"{'a': 0.5, 'e': 0.21059844619672852}",30,13,-27.250381078330644,"{0: 14, 1: 1, 2: 1, 3: 0, 4: 1}",1
157,False,"{'a': 0.5, 'e': 0.20849246173476124}",25,5,29.631978937016946,"{0: 20, 1: 0, 2: 0, 3: 0, 4: 0}",1
158,False,"{'a': 0.5, 'e': 0.2064075371174136}",25,16,7.882520688676829,"{0: 8, 1: 1, 2: 0, 3: 0, 4: 0}",1
159,False,"{'a': 0.5, 'e': 0.20434346174623946}",20,11,-2.220059980256656,"{0: 7, 1: 1, 2: 1, 3: 0, 4: 0}",1
160,False,"{'a': 0.5, 'e': 0.2023000271287771}",25,0,6.7274067405441835,"{0: 22, 1: 1, 2: 2, 3: 0, 4: 0}",0
161,False,"{'a': 0.5, 'e': 0.20027702685748933}",20,6,-60.379649152711316,"{0: 12, 1: 0, 2: 0, 3: 0, 4: 2}",1
162,False,"{'a': 0.5, 'e': 0.19827425658891443}",20,8,18.55585693472878,"{0: 12, 1: 0, 2: 0, 3: 0, 4: 0}",1
163,False,"{'a': 0.5, 'e': 0.19629151402302528}",25,13,16.766511745159068,"{0: 11, 1: 1, 2: 0, 3: 0, 4: 0}",1
164,False,"{'a': 0.5, 'e': 0.19432859888279502}",30,17,24.2626916389017,"{0: 13, 1: 0, 2: 0, 3: 0, 4: 0}",1
165,False,"{'a': 0.5, 'e': 0.19238531289396707}",30,7,0.8438841966505184,"{0: 20, 1: 0, 2: 3, 3: 0, 4: 0}",1
166,False,"{'a': 0.5, 'e': 0.1904614597650274}",20,11,4.5755732387692385,"{0: 8, 1: 0, 2: 1, 3: 0, 4: 0}",1
167,False,"{'a': 0.5, 'e': 0.1885568451673771}",20,15,10.137961939215494,"{0: 5, 1: 0, 2: 0, 3: 0, 4: 0}",1
168,False,"{'a': 0.5, 'e': 0.18667127671570335}",30,7,-43.49095577509058,"{0: 21, 1: 0, 2: 0, 3: 0, 4: 2}",1
169,False,"{'a': 0.5, 'e': 0.1848045639485463}",20,8,7.536741542644452,"{0: 10, 1: 2, 2: 0, 3: 0, 4: 0}",1
170,False,"{'a': 0.5, 'e': 0.18295651830906084}",30,12,21.03289115100341,"{0: 17, 1: 0, 2: 1, 3: 0, 4: 0}",1
171,False,"{'a': 0.5, 'e': 0.18112695312597024}",20,11,4.242148932601336,"{0: 8, 1: 0, 2: 1, 3: 0, 4: 0}",1
172,False,"{'a': 0.5, 'e': 0.17931568359471053}",30,12,3.75441598047754,"{0: 16, 1: 0, 2: 2, 3: 0, 4: 0}",1
173,False,"{'a': 0.5, 'e': 0.17752252675876343}",25,16,9.247235964802409,"{0: 8, 1: 1, 2: 0, 3: 0, 4: 0}",1
174,False,"{'a': 0.5, 'e': 0.1757473014911758}",25,11,23.32278692849195,"{0: 14, 1: 0, 2: 0, 3: 0, 4: 0}",1
175,False,"{'a': 0.5, 'e': 0.17398982847626404}",20,6,26.98568368260846,"{0: 14, 1: 0, 2: 0, 3: 0, 4: 0}",1
176,False,"{'a': 0.5, 'e': 0.1722499301915014}",20,6,11.985471375614964,"{0: 13, 1: 1, 2: 0, 3: 0, 4: 0}",1
177,False,"{'a': 0.5, 'e': 0.17052743088958636}",30,10,34.059447986996624,"{0: 20, 1: 0, 2: 0, 3: 0, 4: 0}",1
178,False,"{'a': 0.5, 'e': 0.1688221565806905}",20,1,27.55350369058988,"{0: 18, 1: 1, 2: 0, 3: 0, 4: 0}",1
179,False,"{'a': 0.5, 'e': 0.1671339350148836}",20,0,22.350200516813054,"{0: 19, 1: 1, 2: 0, 3: 0, 4: 0}",0
180,False,"{'a': 0.5, 'e': 0.16546259566473476}",25,14,7.007685854879868,"{0: 10, 1: 0, 2: 1, 3: 0, 4: 0}",1
181,False,"{'a': 0.5, 'e': 0.16380796970808742}",25,8,16.863097600693603,"{0: 16, 1: 0, 2: 1, 3: 0, 4: 0}",1
182,False,"{'a': 0.5, 'e': 0.16216989001100654}",20,3,-15.117551440620494,"{0: 14, 1: 0, 2: 3, 3: 0, 4: 0}",1
183,False,"{'a': 0.5, 'e': 0.16054819111089647}",25,19,10.572662220828668,"{0: 6, 1: 0, 2: 0, 3: 0, 4: 0}",1
184,False,"{'a': 0.5, 'e': 0.1589427091997875}",30,13,-26.893972290228618,"{0: 15, 1: 0, 2: 1, 3: 0, 4: 1}",1
185,False,"{'a': 0.5, 'e': 0.15735328210778962}",25,13,22.92118402857183,"{0: 12, 1: 0, 2: 0, 3: 0, 4: 0}",1
186,False,"{'a': 0.5, 'e': 0.15577974928671173}",30,8,2.0514264155392734,"{0: 19, 1: 0, 2: 3, 3: 0, 4: 0}",1
187,False,"{'a': 0.5, 'e': 0.15422195179384462}",20,16,4.77643813418044,"{0: 4, 1: 0, 2: 0, 3: 0, 4: 0}",1
188,False,"{'a': 0.5, 'e': 0.15267973227590617}",30,16,21.725203980364792,"{0: 14, 1: 0, 2: 0, 3: 0, 4: 0}",1
189,False,"{'a': 0.5, 'e': 0.1511529349531471}",20,8,20.116023695116418,"{0: 12, 1: 0, 2: 0, 3: 0, 4: 0}",1
190,False,"{'a': 0.5, 'e': 0.14964140560361563}",20,7,-19.325600412140695,"{0: 12, 1: 0, 2: 0, 3: 0, 4: 1}",1
191,False,"{'a': 0.5, 'e': 0.14814499154757946}",20,10,3.516199019964221,"{0: 9, 1: 0, 2: 1, 3: 0, 4: 0}",1
192,False,"{'a': 0.5, 'e': 0.14666354163210368}",20,3,9.50052647736669,"{0: 16, 1: 0, 2: 1, 3: 0, 4: 0}",1
193,False,"{'a': 0.5, 'e': 0.14519690621578263}",30,13,-21.054897213517062,"{0: 15, 1: 1, 2: 0, 3: 0, 4: 1}",1
194,False,"{'a': 0.5, 'e': 0.1437449371536248}",20,8,-36.762046417250644,"{0: 10, 1: 0, 2: 1, 3: 0, 4: 1}",1
195,False,"{'a': 0.5, 'e': 0.14230748778208857}",20,5,13.436716314983288,"{0: 14, 1: 0, 2: 1, 3: 0, 4: 0}",1
196,False,"{'a': 0.5, 'e': 0.14088441290426768}",20,6,21.738662340327664,"{0: 14, 1: 0, 2: 0, 3: 0, 4: 0}",1
197,False,"{'a': 0.5, 'e': 0.139475568775225}",20,9,-42.78368378531028,"{0: 9, 1: 0, 2: 0, 3: 1, 4: 1}",1
198,False,"{'a': 0.5, 'e': 0.13808081308747275}",20,14,13.726132040341545,"{0: 6, 1: 0, 2: 0, 3: 0, 4: 0}",1
199,False,"{'a': 0.5, 'e': 0.136700004956598}",30,18,10.24670765857564,"{0: 11, 1: 1, 2: 0, 3: 0, 4: 0}",1
200,False,"{'a': 0.5, 'e': 0.13533300490703204}",20,10,18.012048930289716,"{0: 10, 1: 0, 2: 0, 3: 0, 4: 0}",1
201,False,"{'a': 0.5, 'e': 0.13397967485796172}",20,0,33.07437792636737,"{0: 20, 1: 0, 2: 0, 3: 0, 4: 0}",0
202,False,"{'a': 0.5, 'e': 0.1326398781093821}",25,14,-22.353720525413515,"{0: 10, 1: 0, 2: 0, 3: 0, 4: 1}",1
203,False,"{'a': 0.5, 'e': 0.13131347932828827}",20,9,1.6048758288225808,"{0: 10, 1: 0, 2: 1, 3: 0, 4: 0}",1
204,False,"{'a': 0.5, 'e': 0.1300003445350054}",25,2,6.506392445015356,"{0: 21, 1: 0, 2: 2, 3: 0, 4: 0}",1
205,False,"{'a': 0.5, 'e': 0.12870034108965533}",20,15,7.61943651998447,"{0: 5, 1: 0, 2: 0, 3: 0, 4: 0}",1
206,False,"{'a': 0.5, 'e': 0.1274133376787588}",20,2,22.67878864778756,"{0: 17, 1: 1, 2: 0, 3: 0, 4: 0}",1
207,False,"{'a': 0.5, 'e': 0.12613920430197118}",25,6,-62.46362023472646,"{0: 16, 1: 0, 2: 1, 3: 0, 4: 2}",1
208,False,"{'a': 0.5, 'e': 0.12487781225895148}",20,0,28.614812561334507,"{0: 20, 1: 0, 2: 0, 3: 0, 4: 0}",0
209,False,"{'a': 0.5, 'e': 0.12362903413636196}",25,0,36.48100069516116,"{0: 25, 1: 0, 2: 0, 3: 0, 4: 0}",1
210,False,"{'a': 0.5, 'e': 0.12239274379499834}",20,7,-17.0383080840334,"{0: 12, 1: 0, 2: 0, 3: 0, 4: 1}",1
211,False,"{'a': 0.5, 'e': 0.12116881635704835}",25,10,3.534251205017061,"{0: 13, 1: 1, 2: 1, 3: 0, 4: 0}",1
212,False,"{'a': 0.5, 'e': 0.11995712819347787}",25,2,-73.39140496193144,"{0: 19, 1: 0, 2: 2, 3: 0, 4: 2}",1
213,False,"{'a': 0.5, 'e': 0.11875755691154309}",20,0,22.54927172844879,"{0: 19, 1: 1, 2: 0, 3: 0, 4: 0}",0
214,False,"{'a': 0.5, 'e': 0.11756998134242766}",25,0,3.6145503252003888,"{0: 22, 1: 2, 2: 0, 3: 1, 4: 0}",0
215,False,"{'a': 0.5, 'e': 0.11639428152900338}",30,0,20.49539151890669,"{0: 27, 1: 2, 2: 1, 3: 0, 4: 0}",0
216,False,"{'a': 0.5, 'e': 0.11523033871371334}",30,6,8.820667898464649,"{0: 22, 1: 0, 2: 2, 3: 0, 4: 0}",1
217,False,"{'a': 0.5, 'e': 0.11407803532657622}",20,7,20.706713758569958,"{0: 13, 1: 0, 2: 0, 3: 0, 4: 0}",1
218,False,"{'a': 0.5, 'e': 0.11293725497331045}",25,18,11.324016096121223,"{0: 7, 1: 0, 2: 0, 3: 0, 4: 0}",1
219,False,"{'a': 0.5, 'e': 0.11180788242357734}",25,13,24.835536931166416,"{0: 12, 1: 0, 2: 0, 3: 0, 4: 0}",1
220,False,"{'a': 0.5, 'e': 0.11068980359934157}",30,21,17.454267721891064,"{0: 9, 1: 0, 2: 0, 3: 0, 4: 0}",1
221,False,"{'a': 0.5, 'e': 0.10958290556334815}",20,0,30.217852894409774,"{0: 20, 1: 0, 2: 0, 3: 0, 4: 0}",0
222,False,"{'a': 0.5, 'e': 0.10848707650771466}",20,0,21.02689010516032,"{0: 19, 1: 0, 2: 1, 3: 0, 4: 0}",0
223,False,"{'a': 0.5, 'e': 0.10740220574263752}",20,11,14.557795894858817,"{0: 9, 1: 0, 2: 0, 3: 0, 4: 0}",1
224,False,"{'a': 0.5, 'e': 0.10632818368521114}",20,12,15.67172853447806,"{0: 8, 1: 0, 2: 0, 3: 0, 4: 0}",1
225,False,"{'a': 0.5, 'e': 0.10526490184835903}",25,7,14.87540434282216,"{0: 16, 1: 2, 2: 0, 3: 0, 4: 0}",1
226,False,"{'a': 0.5, 'e': 0.10421225282987544}",20,14,11.251330217785545,"{0: 6, 1: 0, 2: 0, 3: 0, 4: 0}",1
227,False,"{'a': 0.5, 'e': 0.10317013030157668}",20,4,24.798924148798694,"{0: 16, 1: 0, 2: 0, 3: 0, 4: 0}",1
228,False,"{'a': 0.5, 'e': 0.10213842899856092}",25,9,25.024672954273914,"{0: 16, 1: 0, 2: 0, 3: 0, 4: 0}",1
229,False,"{'a': 0.5, 'e': 0.10111704470857531}",20,9,19.616768675995765,"{0: 11, 1: 0, 2: 0, 3: 0, 4: 0}",1
230,False,"{'a': 0.5, 'e': 0.10010587426148955}",25,13,23.261819967214073,"{0: 12, 1: 0, 2: 0, 3: 0, 4: 0}",1
231,False,"{'a': 0.5, 'e': 0.09910481551887466}",20,0,30.29137490132348,"{0: 20, 1: 0, 2: 0, 3: 0, 4: 0}",0
232,False,"{'a': 0.5, 'e': 0.0981137673636859}",20,7,22.429142519566568,"{0: 13, 1: 0, 2: 0, 3: 0, 4: 0}",1
233,False,"{'a': 0.5, 'e': 0.09713262969004906}",20,14,13.073393711813248,"{0: 6, 1: 0, 2: 0, 3: 0, 4: 0}",1
234,False,"{'a': 0.5, 'e': 0.09616130339314856}",35,7,39.79710629976666,"{0: 27, 1: 1, 2: 0, 3: 0, 4: 0}",1
235,False,"{'a': 0.5, 'e': 0.09519969035921708}",20,14,10.265488037686811,"{0: 6, 1: 0, 2: 0, 3: 0, 4: 0}",1
236,False,"{'a': 0.5, 'e': 0.0942476934556249}",20,9,19.14444335957114,"{0: 11, 1: 0, 2: 0, 3: 0, 4: 0}",1
237,False,"{'a': 0.5, 'e': 0.09330521652106866}",25,12,6.261297915958028,"{0: 12, 1: 0, 2: 1, 3: 0, 4: 0}",1
238,False,"{'a': 0.5, 'e': 0.09237216435585796}",30,14,29.340714760834075,"{0: 16, 1: 0, 2: 0, 3: 0, 4: 0}",1
239,False,"{'a': 0.5, 'e': 0.09144844271229938}",30,22,12.13860693411494,"{0: 8, 1: 0, 2: 0, 3: 0, 4: 0}",1
240,False,"{'a': 0.5, 'e': 0.0905339582851764}",30,14,29.791531174222314,"{0: 16, 1: 0, 2: 0, 3: 0, 4: 0}",1
241,False,"{'a': 0.5, 'e': 0.08962861870232462}",30,3,-2.443120513154053,"{0: 23, 1: 0, 2: 4, 3: 0, 4: 0}",1
242,False,"{'a': 0.5, 'e': 0.08873233251530138}",30,14,24.443694953670985,"{0: 15, 1: 1, 2: 0, 3: 0, 4: 0}",1
243,False,"{'a': 0.5, 'e': 0.08784500919014836}",20,15,8.565425092577208,"{0: 5, 1: 0, 2: 0, 3: 0, 4: 0}",1
244,False,"{'a': 0.5, 'e': 0.08696655909824688}",20,0,32.06277445954566,"{0: 20, 1: 0, 2: 0, 3: 0, 4: 0}",0
245,False,"{'a': 0.5, 'e': 0.0860968935072644}",35,21,3.1767322990155824,"{0: 12, 1: 0, 2: 2, 3: 0, 4: 0}",1
246,False,"{'a': 0.5, 'e': 0.08523592457219176}",20,9,23.195422403471813,"{0: 11, 1: 0, 2: 0, 3: 0, 4: 0}",1
247,False,"{'a': 0.5, 'e': 0.08438356532646984}",20,3,26.069510743617194,"{0: 17, 1: 0, 2: 0, 3: 0, 4: 0}",1
248,False,"{'a': 0.5, 'e': 0.08353972967320515}",20,8,2.193185178667078,"{0: 10, 1: 1, 2: 1, 3: 0, 4: 0}",1
249,False,"{'a': 0.5, 'e': 0.0827043323764731}",25,13,20.231205193455494,"{0: 12, 1: 0, 2: 0, 3: 0, 4: 0}",1
250,False,"{'a': 0.5, 'e': 0.08187728905270836}",20,13,14.35669058601174,"{0: 7, 1: 0, 2: 0, 3: 0, 4: 0}",1
251,False,"{'a': 0.5, 'e': 0.08105851616218128}",25,18,-72.34937816539738,"{0: 5, 1: 0, 2: 0, 3: 0, 4: 2}",1
252,False,"{'a': 0.5, 'e': 0.08024793100055946}",25,14,13.065455341956769,"{0: 10, 1: 1, 2: 0, 3: 0, 4: 0}",1
253,False,"{'a': 0.5, 'e': 0.07944545169055386}",30,4,15.113708833398634,"{0: 25, 1: 0, 2: 0, 3: 1, 4: 0}",1
254,False,"{'a': 0.5, 'e': 0.07865099717364833}",20,5,16.04986023780705,"{0: 14, 1: 0, 2: 1, 3: 0, 4: 0}",1
255,False,"{'a': 0.5, 'e': 0.07786448720191184}",30,16,12.98310926527526,"{0: 13, 1: 0, 2: 1, 3: 0, 4: 0}",1
256,False,"{'a': 0.5, 'e': 0.07708584232989273}",20,16,7.395475803865571,"{0: 4, 1: 0, 2: 0, 3: 0, 4: 0}",1
257,False,"{'a': 0.5, 'e': 0.0763149839065938}",20,16,6.290720225865343,"{0: 4, 1: 0, 2: 0, 3: 0, 4: 0}",1
258,False,"{'a': 0.5, 'e': 0.07555183406752786}",20,12,16.075675006296684,"{0: 8, 1: 0, 2: 0, 3: 0, 4: 0}",1
259,False,"{'a': 0.5, 'e': 0.07479631572685258}",20,12,16.961476970261394,"{0: 8, 1: 0, 2: 0, 3: 0, 4: 0}",1
260,False,"{'a': 0.5, 'e': 0.07404835256958406}",20,8,20.310723237786313,"{0: 12, 1: 0, 2: 0, 3: 0, 4: 0}",1
261,False,"{'a': 0.5, 'e': 0.07330786904388821}",25,4,34.39928635589646,"{0: 21, 1: 0, 2: 0, 3: 0, 4: 0}",1
262,False,"{'a': 0.5, 'e': 0.07257479035344933}",25,11,0.4997158637322594,"{0: 12, 1: 0, 2: 2, 3: 0, 4: 0}",1
263,False,"{'a': 0.5, 'e': 0.07184904244991484}",25,0,40.7794545818879,"{0: 25, 1: 0, 2: 0, 3: 0, 4: 0}",0
264,False,"{'a': 0.5, 'e': 0.07113055202541568}",25,13,22.852355878137445,"{0: 12, 1: 0, 2: 0, 3: 0, 4: 0}",1
265,False,"{'a': 0.5, 'e': 0.07041924650516153}",25,19,11.83779581056163,"{0: 6, 1: 0, 2: 0, 3: 0, 4: 0}",1
266,False,"{'a': 0.5, 'e': 0.06971505404010991}",25,17,10.778841516779023,"{0: 8, 1: 0, 2: 0, 3: 0, 4: 0}",1
267,False,"{'a': 0.5, 'e': 0.06901790349970881}",20,0,-13.920339331558518,"{0: 19, 1: 0, 2: 0, 3: 0, 4: 1}",1
268,False,"{'a': 0.5, 'e': 0.06832772446471172}",20,0,13.777054373358483,"{0: 19, 1: 0, 2: 1, 3: 0, 4: 0}",0
269,False,"{'a': 0.5, 'e': 0.0676444472200646}",20,12,15.249990323321686,"{0: 8, 1: 0, 2: 0, 3: 0, 4: 0}",1
270,False,"{'a': 0.5, 'e': 0.06696800274786396}",25,1,36.172803161287234,"{0: 24, 1: 0, 2: 0, 3: 0, 4: 0}",1
271,False,"{'a': 0.5, 'e': 0.06629832272038531}",20,12,14.009974765548131,"{0: 8, 1: 0, 2: 0, 3: 0, 4: 0}",1
272,False,"{'a': 0.5, 'e': 0.06563533949318147}",20,14,7.444440652329614,"{0: 6, 1: 0, 2: 0, 3: 0, 4: 0}",1
273,False,"{'a': 0.5, 'e': 0.06497898609824965}",20,0,25.60177932025082,"{0: 20, 1: 0, 2: 0, 3: 0, 4: 0}",0
274,False,"{'a': 0.5, 'e': 0.06432919623726716}",20,14,12.304749761405958,"{0: 6, 1: 0, 2: 0, 3: 0, 4: 0}",1
275,False,"{'a': 0.5, 'e': 0.06368590427489448}",20,0,30.387285604475583,"{0: 20, 1: 0, 2: 0, 3: 0, 4: 0}",0
276,False,"{'a': 0.5, 'e': 0.06304904523214554}",25,12,20.961762917341247,"{0: 13, 1: 0, 2: 0, 3: 0, 4: 0}",1
277,False,"{'a': 0.5, 'e': 0.06241855477982408}",30,17,20.656999398430912,"{0: 13, 1: 0, 2: 0, 3: 0, 4: 0}",1
278,False,"{'a': 0.5, 'e': 0.06179436923202584}",20,0,31.00203137686597,"{0: 20, 1: 0, 2: 0, 3: 0, 4: 0}",0
279,False,"{'a': 0.5, 'e': 0.06117642553970558}",30,14,26.981532815815566,"{0: 16, 1: 0, 2: 0, 3: 0, 4: 0}",1
280,False,"{'a': 0.5, 'e': 0.06056466128430853}",20,15,5.503916343734862,"{0: 5, 1: 0, 2: 0, 3: 0, 4: 0}",1
281,False,"{'a': 0.5, 'e': 0.05995901467146544}",25,7,30.66105681876598,"{0: 18, 1: 0, 2: 0, 3: 0, 4: 0}",1
282,False,"{'a': 0.5, 'e': 0.059359424524750785}",30,18,12.977161227669745,"{0: 11, 1: 1, 2: 0, 3: 0, 4: 0}",1
283,False,"{'a': 0.5, 'e': 0.05876583027950327}",20,0,22.67442671423011,"{0: 19, 1: 1, 2: 0, 3: 0, 4: 0}",0
284,False,"{'a': 0.5, 'e': 0.05817817197670824}",25,18,12.815930933954652,"{0: 7, 1: 0, 2: 0, 3: 0, 4: 0}",1
285,False,"{'a': 0.5, 'e': 0.05759639025694116}",20,6,19.11222809337425,"{0: 14, 1: 0, 2: 0, 3: 0, 4: 0}",1
286,False,"{'a': 0.5, 'e': 0.057020426354371746}",20,7,19.944279688996417,"{0: 13, 1: 0, 2: 0, 3: 0, 4: 0}",1
287,False,"{'a': 0.5, 'e': 0.05645022209082803}",20,10,5.23847555450517,"{0: 9, 1: 0, 2: 1, 3: 0, 4: 0}",1
288,False,"{'a': 0.5, 'e': 0.05588571986991975}",25,11,28.90213971146961,"{0: 14, 1: 0, 2: 0, 3: 0, 4: 0}",1
289,False,"{'a': 0.5, 'e': 0.05532686267122055}",30,8,37.850258545223745,"{0: 22, 1: 0, 2: 0, 3: 0, 4: 0}",1
290,False,"{'a': 0.5, 'e': 0.05477359404450834}",20,15,10.040872008814578,"{0: 5, 1: 0, 2: 0, 3: 0, 4: 0}",1
291,False,"{'a': 0.5, 'e': 0.05422585810406326}",25,5,32.900608938757564,"{0: 20, 1: 0, 2: 0, 3: 0, 4: 0}",1
292,False,"{'a': 0.5, 'e': 0.05368359952302263}",25,4,22.847999271014746,"{0: 20, 1: 0, 2: 1, 3: 0, 4: 0}",1
293,False,"{'a': 0.5, 'e': 0.0531467635277924}",20,5,22.497588102091527,"{0: 15, 1: 0, 2: 0, 3: 0, 4: 0}",1
294,False,"{'a': 0.5, 'e': 0.05261529589251448}",25,7,20.384477926517626,"{0: 17, 1: 1, 2: 0, 3: 0, 4: 0}",1
295,False,"{'a': 0.5, 'e': 0.05208914293358933}",20,3,-28.39581096267122,"{0: 15, 1: 0, 2: 1, 3: 0, 4: 1}",1
296,False,"{'a': 0.5, 'e': 0.05156825150425344}",30,17,22.869660922298166,"{0: 13, 1: 0, 2: 0, 3: 0, 4: 0}",1
297,False,"{'a': 0.5, 'e': 0.0510525689892109}",20,9,17.252471200819553,"{0: 11, 1: 0, 2: 0, 3: 0, 4: 0}",1
298,False,"{'a': 0.5, 'e': 0.050542043299318794}",20,11,16.211412234781974,"{0: 9, 1: 0, 2: 0, 3: 0, 4: 0}",1
299,False,"{'a': 0.5, 'e': 0.050036622866325604}",20,10,18.998218003074577,"{0: 10, 1: 0, 2: 0, 3: 0, 4: 0}",1
300,False,"{'a': 0.5, 'e': 0.04953625663766235}",35,0,48.96406490854686,"{0: 35, 1: 0, 2: 0, 3: 0, 4: 0}",0
1,True,"{'a': 0.0, 'e': 0.0}",20,8,20.735356568388266,"{0: 12, 1: 0, 2: 0, 3: 0, 4: 0}",1
2,True,"{'a': 0.0, 'e': 0.0}",20,5,26.08641435243538,"{0: 15, 1: 0, 2: 0, 3: 0, 4: 0}",1
3,True,"{'a': 0.0, 'e': 0.0}",20,0,29.95305129172949,"{0: 20, 1: 0, 2: 0, 3: 0, 4: 0}",0
4,True,"{'a': 0.0, 'e': 0.0}",20,13,13.52894444906049,"{0: 7, 1: 0, 2: 0, 3: 0, 4: 0}",1
5,True,"{'a': 0.0, 'e': 0.0}",20,7,20.41241393337109,"{0: 13, 1: 0, 2: 0, 3: 0, 4: 0}",1
6,True,"{'a': 0.0, 'e': 0.0}",25,10,28.818217542871345,"{0: 15, 1: 0, 2: 0, 3: 0, 4: 0}",1
7,True,"{'a': 0.0, 'e': 0.0}",35,24,16.590200266339643,"{0: 11, 1: 0, 2: 0, 3: 0, 4: 0}",1
8,True,"{'a': 0.0, 'e': 0.0}",20,15,10.398390146203306,"{0: 5, 1: 0, 2: 0, 3: 0, 4: 0}",1
9,True,"{'a': 0.0, 'e': 0.0}",25,13,21.204479876294084,"{0: 12, 1: 0, 2: 0, 3: 0, 4: 0}",1
10,True,"{'a': 0.0, 'e': 0.0}",20,12,12.909374603614152,"{0: 8, 1: 0, 2: 0, 3: 0, 4: 0}",1
11,True,"{'a': 0.0, 'e': 0.0}",25,19,10.95710586656025,"{0: 6, 1: 0, 2: 0, 3: 0, 4: 0}",1
12,True,"{'a': 0.0, 'e': 0.0}",20,6,21.27398892892881,"{0: 14, 1: 0, 2: 0, 3: 0, 4: 0}",1
13,True,"{'a': 0.0, 'e': 0.0}",25,16,13.72751241057306,"{0: 9, 1: 0, 2: 0, 3: 0, 4: 0}",1
14,True,"{'a': 0.0, 'e': 0.0}",30,4,39.36234002638357,"{0: 26, 1: 0, 2: 0, 3: 0, 4: 0}",1
15,True,"{'a': 0.0, 'e': 0.0}",20,13,12.856377757079047,"{0: 7, 1: 0, 2: 0, 3: 0, 4: 0}",1
16,True,"{'a': 0.0, 'e': 0.0}",20,10,18.22879288020353,"{0: 10, 1: 0, 2: 0, 3: 0, 4: 0}",1
17,True,"{'a': 0.0, 'e': 0.0}",25,8,27.70390980931452,"{0: 17, 1: 0, 2: 0, 3: 0, 4: 0}",1
18,True,"{'a': 0.0, 'e': 0.0}",35,21,24.31265829932263,"{0: 14, 1: 0, 2: 0, 3: 0, 4: 0}",1
19,True,"{'a': 0.0, 'e': 0.0}",25,0,36.15500082348552,"{0: 25, 1: 0, 2: 0, 3: 0, 4: 0}",0
20,True,"{'a': 0.0, 'e': 0.0}",25,12,22.32471516937232,"{0: 13, 1: 0, 2: 0, 3: 0, 4: 0}",1
21,True,"{'a': 0.0, 'e': 0.0}",20,11,12.538783129352215,"{0: 9, 1: 0, 2: 0, 3: 0, 4: 0}",1
22,True,"{'a': 0.0, 'e': 0.0}",30,19,20.815171585425336,"{0: 11, 1: 0, 2: 0, 3: 0, 4: 0}",1
23,True,"{'a': 0.0, 'e': 0.0}",25,17,15.637076506707311,"{0: 8, 1: 0, 2: 0, 3: 0, 4: 0}",1
24,True,"{'a': 0.0, 'e': 0.0}",30,18,22.964037794881484,"{0: 12, 1: 0, 2: 0, 3: 0, 4: 0}",1
25,True,"{'a': 0.0, 'e': 0.0}",30,6,36.56074354895641,"{0: 24, 1: 0, 2: 0, 3: 0, 4: 0}",1
26,True,"{'a': 0.0, 'e': 0.0}",30,13,26.71013343174961,"{0: 17, 1: 0, 2: 0, 3: 0, 4: 0}",1
27,True,"{'a': 0.0, 'e': 0.0}",20,3,27.43706969359268,"{0: 17, 1: 0, 2: 0, 3: 0, 4: 0}",1
28,True,"{'a': 0.0, 'e': 0.0}",25,4,38.06235918830387,"{0: 21, 1: 0, 2: 0, 3: 0, 4: 0}",1
29,True,"{'a': 0.0, 'e': 0.0}",20,8,20.40157455201781,"{0: 12, 1: 0, 2: 0, 3: 0, 4: 0}",1
30,True,"{'a': 0.0, 'e': 0.0}",25,12,20.37731002616684,"{0: 13, 1: 0, 2: 0, 3: 0, 4: 0}",1
31,True,"{'a': 0.0, 'e': 0.0}",25,13,23.511392703509614,"{0: 12, 1: 0, 2: 0, 3: 0, 4: 0}",1
32,True,"{'a': 0.0, 'e': 0.0}",30,2,36.92938427073884,"{0: 28, 1: 0, 2: 0, 3: 0, 4: 0}",1
33,True,"{'a': 0.0, 'e': 0.0}",25,18,12.385374227766144,"{0: 7, 1: 0, 2: 0, 3: 0, 4: 0}",1
34,True,"{'a': 0.0, 'e': 0.0}",20,0,27.092629397986837,"{0: 20, 1: 0, 2: 0, 3: 0, 4: 0}",0
35,True,"{'a': 0.0, 'e': 0.0}",20,10,14.741822720790438,"{0: 10, 1: 0, 2: 0, 3: 0, 4: 0}",1
36,True,"{'a': 0.0, 'e': 0.0}",35,0,52.35366058141137,"{0: 35, 1: 0, 2: 0, 3: 0, 4: 0}",0
37,True,"{'a': 0.0, 'e': 0.0}",20,1,29.43967100915161,"{0: 19, 1: 0, 2: 0, 3: 0, 4: 0}",1
38,True,"{'a': 0.0, 'e': 0.0}",20,14,10.343364850794638,"{0: 6, 1: 0, 2: 0, 3: 0, 4: 0}",1
39,True,"{'a': 0.0, 'e': 0.0}",20,14,12.15014767477244,"{0: 6, 1: 0, 2: 0, 3: 0, 4: 0}",1
40,True,"{'a': 0.0, 'e': 0.0}",25,16,16.682627328072634,"{0: 9, 1: 0, 2: 0, 3: 0, 4: 0}",1
41,True,"{'a': 0.0, 'e': 0.0}",20,12,16.077707208230464,"{0: 8, 1: 0, 2: 0, 3: 0, 4: 0}",1
42,True,"{'a': 0.0, 'e': 0.0}",20,10,14.3914227499206,"{0: 10, 1: 0, 2: 0, 3: 0, 4: 0}",1
43,True,"{'a': 0.0, 'e': 0.0}",25,0,38.46617221532673,"{0: 25, 1: 0, 2: 0, 3: 0, 4: 0}",0
44,True,"{'a': 0.0, 'e': 0.0}",35,17,24.297530020468592,"{0: 18, 1: 0, 2: 0, 3: 0, 4: 0}",1
45,True,"{'a': 0.0, 'e': 0.0}",35,13,40.546389278937326,"{0: 22, 1: 0, 2: 0, 3: 0, 4: 0}",1
46,True,"{'a': 0.0, 'e': 0.0}",20,8,22.399552775238536,"{0: 12, 1: 0, 2: 0, 3: 0, 4: 0}",1
47,True,"{'a': 0.0, 'e': 0.0}",25,7,26.609982891990295,"{0: 18, 1: 0, 2: 0, 3: 0, 4: 0}",1
48,True,"{'a': 0.0, 'e': 0.0}",25,16,13.406500040554974,"{0: 9, 1: 0, 2: 0, 3: 0, 4: 0}",1
49,True,"{'a': 0.0, 'e': 0.0}",20,16,6.567158311656787,"{0: 4, 1: 0, 2: 0, 3: 0, 4: 0}",1
50,True,"{'a': 0.0, 'e': 0.0}",25,15,22.30575621072902,"{0: 10, 1: 0, 2: 0, 3: 0, 4: 0}",1
51,True,"{'a': 0.0, 'e': 0.0}",20,11,17.263529489611642,"{0: 9, 1: 0, 2: 0, 3: 0, 4: 0}",1
52,True,"{'a': 0.0, 'e': 0.0}",30,18,25.302293558077388,"{0: 12, 1: 0, 2: 0, 3: 0, 4: 0}",1
53,True,"{'a': 0.0, 'e': 0.0}",25,13,21.321220145610173,"{0: 12, 1: 0, 2: 0, 3: 0, 4: 0}",1
54,True,"{'a': 0.0, 'e': 0.0}",35,13,32.33578269238475,"{0: 22, 1: 0, 2: 0, 3: 0, 4: 0}",1
55,True,"{'a': 0.0, 'e': 0.0}",25,6,29.752386297186995,"{0: 19, 1: 0, 2: 0, 3: 0, 4: 0}",1
56,True,"{'a': 0.0, 'e': 0.0}",20,11,15.634913574283248,"{0: 9, 1: 0, 2: 0, 3: 0, 4: 0}",1
57,True,"{'a': 0.0, 'e': 0.0}",20,9,16.444948113470968,"{0: 11, 1: 0, 2: 0, 3: 0, 4: 0}",1
58,True,"{'a': 0.0, 'e': 0.0}",20,4,23.179355272407406,"{0: 16, 1: 0, 2: 0, 3: 0, 4: 0}",1
59,True,"{'a': 0.0, 'e': 0.0}",35,22,24.12009972973821,"{0: 13, 1: 0, 2: 0, 3: 0, 4: 0}",1
60,True,"{'a': 0.0, 'e': 0.0}",20,0,33.06191302568945,"{0: 20, 1: 0, 2: 0, 3: 0, 4: 0}",0
61,True,"{'a': 0.0, 'e': 0.0}",20,13,10.908363094289495,"{0: 7, 1: 0, 2: 0, 3: 0, 4: 0}",1
62,True,"{'a': 0.0, 'e': 0.0}",30,11,29.14537849719407,"{0: 19, 1: 0, 2: 0, 3: 0, 4: 0}",1
63,True,"{'a': 0.0, 'e': 0.0}",25,11,23.981762348767397,"{0: 14, 1: 0, 2: 0, 3: 0, 4: 0}",1
64,True,"{'a': 0.0, 'e': 0.0}",20,12,14.9511814731575,"{0: 8, 1: 0, 2: 0, 3: 0, 4: 0}",1
65,True,"{'a': 0.0, 'e': 0.0}",20,8,21.25343118933576,"{0: 12, 1: 0, 2: 0, 3: 0, 4: 0}",1
66,True,"{'a': 0.0, 'e': 0.0}",25,14,21.803490178316874,"{0: 11, 1: 0, 2: 0, 3: 0, 4: 0}",1
67,True,"{'a': 0.0, 'e': 0.0}",20,0,27.920119719369584,"{0: 20, 1: 0, 2: 0, 3: 0, 4: 0}",0
68,True,"{'a': 0.0, 'e': 0.0}",25,6,33.29647998057876,"{0: 19, 1: 0, 2: 0, 3: 0, 4: 0}",1
69,True,"{'a': 0.0, 'e': 0.0}",20,6,25.147337390107943,"{0: 14, 1: 0, 2: 0, 3: 0, 4: 0}",1
70,True,"{'a': 0.0, 'e': 0.0}",20,12,12.456133299587986,"{0: 8, 1: 0, 2: 0, 3: 0, 4: 0}",1
71,True,"{'a': 0.0, 'e': 0.0}",20,8,21.096971402401078,"{0: 12, 1: 0, 2: 0, 3: 0, 4: 0}",1
72,True,"{'a': 0.0, 'e': 0.0}",25,0,33.59810633285104,"{0: 25, 1: 0, 2: 0, 3: 0, 4: 0}",0
73,True,"{'a': 0.0, 'e': 0.0}",25,14,16.621273956918085,"{0: 11, 1: 0, 2: 0, 3: 0, 4: 0}",1
74,True,"{'a': 0.0, 'e': 0.0}",20,3,27.404771374888604,"{0: 17, 1: 0, 2: 0, 3: 0, 4: 0}",1
75,True,"{'a': 0.0, 'e': 0.0}",30,11,31.219046987380445,"{0: 19, 1: 0, 2: 0, 3: 0, 4: 0}",1
76,True,"{'a': 0.0, 'e': 0.0}",20,9,17.91630283898929,"{0: 11, 1: 0, 2: 0, 3: 0, 4: 0}",1
77,True,"{'a': 0.0, 'e': 0.0}",25,14,23.638127849098236,"{0: 11, 1: 0, 2: 0, 3: 0, 4: 0}",1
78,True,"{'a': 0.0, 'e': 0.0}",20,16,8.772471565849841,"{0: 4, 1: 0, 2: 0, 3: 0, 4: 0}",1
79,True,"{'a': 0.0, 'e': 0.0}",25,11,25.912520782550562,"{0: 14, 1: 0, 2: 0, 3: 0, 4: 0}",1
80,True,"{'a': 0.0, 'e': 0.0}",20,13,11.414135512740973,"{0: 7, 1: 0, 2: 0, 3: 0, 4: 0}",1
81,True,"{'a': 0.0, 'e': 0.0}",20,5,27.159043938824343,"{0: 15, 1: 0, 2: 0, 3: 0, 4: 0}",1
82,True,"{'a': 0.0, 'e': 0.0}",25,1,39.39955814626593,"{0: 24, 1: 0, 2: 0, 3: 0, 4: 0}",1
83,True,"{'a': 0.0, 'e': 0.0}",25,7,29.427215051519386,"{0: 18, 1: 0, 2: 0, 3: 0, 4: 0}",1
84,True,"{'a': 0.0, 'e': 0.0}",30,21,13.53567323513711,"{0: 9, 1: 0, 2: 0, 3: 0, 4: 0}",1
85,True,"{'a': 0.0, 'e': 0.0}",25,2,39.63386583076768,"{0: 23, 1: 0, 2: 0, 3: 0, 4: 0}",1
86,True,"{'a': 0.0, 'e': 0.0}",30,22,13.426416229179928,"{0: 8, 1: 0, 2: 0, 3: 0, 4: 0}",1
87,True,"{'a': 0.0, 'e': 0.0}",25,11,20.722258398669375,"{0: 14, 1: 0, 2: 0, 3: 0, 4: 0}",1
88,True,"{'a': 0.0, 'e': 0.0}",20,12,17.94560313897614,"{0: 8, 1: 0, 2: 0, 3: 0, 4: 0}",1
89,True,"{'a': 0.0, 'e': 0.0}",20,6,25.325345152458457,"{0: 14, 1: 0, 2: 0, 3: 0, 4: 0}",1
90,True,"{'a': 0.0, 'e': 0.0}",20,10,15.643581850163358,"{0: 10, 1: 0, 2: 0, 3: 0, 4: 0}",1
91,True,"{'a': 0.0, 'e': 0.0}",20,10,16.218434833263263,"{0: 10, 1: 0, 2: 0, 3: 0, 4: 0}",1
92,True,"{'a': 0.0, 'e': 0.0}",20,8,23.52798370997383,"{0: 12, 1: 0, 2: 0, 3: 0, 4: 0}",1
93,True,"{'a': 0.0, 'e': 0.0}",30,13,28.787591998005645,"{0: 17, 1: 0, 2: 0, 3: 0, 4: 0}",1
94,True,"{'a': 0.0, 'e': 0.0}",20,5,26.604669286417945,"{0: 15, 1: 0, 2: 0, 3: 0, 4: 0}",1
95,True,"{'a': 0.0, 'e': 0.0}",20,6,25.229458872766845,"{0: 14, 1: 0, 2: 0, 3: 0, 4: 0}",1
96,True,"{'a': 0.0, 'e': 0.0}",20,16,8.31183195242961,"{0: 4, 1: 0, 2: 0, 3: 0, 4: 0}",1
97,True,"{'a': 0.0, 'e': 0.0}",25,5,35.588027477499196,"{0: 20, 1: 0, 2: 0, 3: 0, 4: 0}",1
98,True,"{'a': 0.0, 'e': 0.0}",25,8,25.798319035488753,"{0: 17, 1: 0, 2: 0, 3: 0, 4: 0}",1
99,True,"{'a': 0.0, 'e': 0.0}",20,11,9.19825285098526,"{0: 9, 1: 0, 2: 0, 3: 0, 4: 0}",1
100,True,"{'a': 0.0, 'e': 0.0}",20,10,17.12793771771292,"{0: 10, 1: 0, 2: 0, 3: 0, 4: 0}",1
